{"cameraMode":{"drawMode":0,"name":"Shaded","section":"Shading Mode"},"sceneLighting":true,"audioPlay":false,"sceneViewState":{"showFog":true,"showMaterialUpdate":false,"showSkybox":true,"showFlares":true,"showImageEffects":true,"showParticleSystems":true},"in2DMode":false,"pivot":{"x":-730.2565307617188,"y":4.334206581115723,"z":-563.0260620117188},"rotation":{"x":-0.2517293095588684,"y":-0.0777130275964737,"z":0.020283469930291177,"w":-0.9644598364830017},"size":2.5420706272125246,"orthographic":false}